"cityabbr","province","distance_to_harbor","nearest_port","lndis_to_harbor","distance_to_bharbor","nearest_bport","lndis_to_bharbor"
"上海","上海市","0","上海市",0,0,"上海市",0
"临沧","云南省","1122.57540901792","湛江市",13.931136966676442,1412678.1836851719,"广州市",14.160998589663544
"丽江","云南省","1174.55827944996","湛江市",13.976403553880617,1368119.867748721,"广州市",14.128948726879168
"保山","云南省","1223.35839456622","湛江市",14.017111234595856,1487614.9770405814,"广州市",14.212685381120968
"大理","云南省","1153.91559330253","湛江市",13.958672447270484,1389674.4808166076,"广州市",14.14458081081079
"德宏","云南省","1295.40256884378","湛江市",14.074332840740109,1574344.259690292,"广州市",14.269350035678142
"怒江","云南省","1317.8750113009","湛江市",14.091531916251354,1527779.4194305455,"广州市",14.239326533820952
"文山","云南省","630.277409962657","湛江市",13.353916921325222,900003.1912921034,"广州市",13.71015469928683
"昆明","云南省","884.24727969639","湛江市",13.692493161571225,1102799.8763808468,"广州市",13.913363752818483
"昭通","云南省","959.808861014788","湛江市",13.774490482384332,1069333.2799738604,"广州市",13.882546844562379
"普洱","云南省","999.927097260424","湛江市",13.815438652639573,1308792.9542666972,"广州市",14.084616625524946
"曲靖","云南省","815.912443126071","湛江市",13.612063553719533,1004982.7660772704,"广州市",13.820481946187904
"楚雄","云南省","997.35049859605","湛江市",13.812858543075462,1231866.1887453382,"广州市",14.02404161592155
"玉溪","云南省","884.782424802278","湛江市",13.693098176304256,1156936.2769741218,"广州市",13.961286792929398
"红河","云南省","778.398784673534","湛江市",13.564995533226883,1071376.8578442936,"广州市",13.88445609565234
"西双版纳","云南省","958.270723657946","湛江市",13.772886653121967,1301388.5178462586,"广州市",14.078943111489497
"迪庆","云南省","1325.1391589409","湛江市",14.097028792140868,1501215.919401481,"广州市",14.22178661676401
"乌兰察布","内蒙古自治区","489.242047107153","天津市",13.100614673828067,489242.0471071528,"天津市",13.100614673828067
"乌海","内蒙古自治区","897.327095177615","天津市",13.707176843592382,897327.0951776152,"天津市",13.707176843592382
"兴安","内蒙古自治区","620.70408192617","营口市",13.33861133977949,704305.0413497874,"秦皇岛市",13.464968258504163
"包头","内蒙古自治区","655.042763345735","天津市",13.392457326653712,655042.7633457351,"天津市",13.392457326653712
"呼伦贝尔","内蒙古自治区","1001.94956600763","营口市",13.817459224088193,1074238.0814631134,"秦皇岛市",13.887123137716019
"呼和浩特","内蒙古自治区","525.095736092624","天津市",13.17133778382416,525095.7360926243,"天津市",13.17133778382416
"巴彦淖尔","内蒙古自治区","859.198670660704","天津市",13.663756619427428,859198.6706607044,"天津市",13.663756619427428
"赤峰","内蒙古自治区","346.17026164591","秦皇岛市",12.75468890743495,346170.26164590946,"秦皇岛市",12.75468890743495
"通辽","内蒙古自治区","354.863375985811","营口市",12.77949095598529,459681.77469540236,"秦皇岛市",13.038291910340483
"鄂尔多斯","内蒙古自治区","749.000193831851","天津市",13.52649585639909,749000.1938318515,"天津市",13.52649585639909
"锡林郭勒","内蒙古自治区","549.846190130114","秦皇岛市",13.21739568247798,549846.1901301135,"秦皇岛市",13.21739568247798
"阿拉善","内蒙古自治区","1270.80688019831","天津市",14.055163382332704,1270806.8801983092,"天津市",14.055163382332704
"北京","北京市","125.332522088882","天津市",11.738733639731105,125332.52208888241,"天津市",11.738733639731105
"吉林","吉林省","497.688327389375","营口市",13.117731320753702,585698.8193534921,"大连市",13.280562683649435
"四平","吉林省","370.799485901229","营口市",12.823419423086218,479254.69161627424,"大连市",13.079989536927666
"延边","吉林省","631.478690183701","营口市",13.355821059026205,697589.3992567194,"大连市",13.45538738894883
"松原","吉林省","493.663604297951","营口市",13.109611626918712,606873.1853869766,"大连市",13.316076775719063
"白城","吉林省","523.170774492492","营口市",13.167665129834438,641431.9594011452,"大连市",13.371459951576922
"白山","吉林省","447.82837707673","营口市",13.012167584114094,506830.52102348907,"大连市",13.135933921673963
"辽源","吉林省","347.589478438432","营口市",12.758780279703698,440335.0150832505,"大连市",12.99529338509014
"通化","吉林省","340.117502677051","营口市",12.737049373152777,408592.18967719603,"大连市",12.920475293770064
"长春","吉林省","502.696643318662","营口市",13.127744161622456,606294.2139312656,"大连市",13.315122298133343
"乐山","四川省","1119.19727596559","湛江市",13.928123161915488,1188444.0584693837,"广州市",13.988156337090283
"内江","四川省","1086.93066117131","湛江市",13.898869294919368,1106500.4645280864,"广州市",13.91671376204045
"凉山","四川省","1112.89484361454","湛江市",13.92247604422055,1253672.476245807,"广州市",14.041588580499848
"南充","四川省","1133.03657647131","广州市",13.940412704924713,1133036.576471313,"广州市",13.940412704924713
"宜宾","四川省","1000.93822955379","湛江市",13.816449346717972,1061578.0393886764,"广州市",13.875268017446393
"巴中","四川省","1155.61853497611","广州市",13.960147152048947,1155618.5349761108,"广州市",13.960147152048947
"广元","四川省","1249.17822933","广州市",14.037997277075435,1249178.2293300016,"广州市",14.037997277075435
"广安","四川省","1039.97776487853","广州市",13.85471085252307,1039977.7648785309,"广州市",13.85471085252307
"德阳","四川省","1247.39344621725","广州市",14.036567490777287,1247393.4462172454,"广州市",14.036567490777287
"成都","四川省","1237.31714234322","湛江市",14.028456806943689,1256980.401388139,"广州市",14.044223691431212
"攀枝花","四川省","1066.16512452675","湛江市",13.87957971070956,1248609.4034376924,"广州市",14.037541813657155
"泸州","四川省","934.198946033417","湛江市",13.747445769282445,968594.3319901824,"广州市",13.783602189602654
"甘孜","四川省","1485.81508193195","湛江市",14.211474729394096,1575204.4121480563,"广州市",14.269896242149333
"眉山","四川省","1169.51787482954","湛江市",13.972103004106183,1211531.9141756021,"广州市",14.007396986988203
"绵阳","四川省","1282.99510903703","广州市",14.064708610886257,1282995.1090370251,"广州市",14.064708610886257
"自贡","四川省","1064.56685378791","湛江市",13.878079503687136,1100966.094055501,"广州市",13.911699527933479
"资阳","四川省","1137.02729372439","湛江市",13.94392865696518,1140326.8261029553,"广州市",13.946826345788262
"达州","四川省","1063.46902754204","广州市",13.87704773037812,1063469.0275420407,"广州市",13.87704773037812
"遂宁","四川省","1136.50833264632","广州市",13.943472133984368,1136508.3326463166,"广州市",13.943472133984368
"阿坝","四川省","1459.86382101951","湛江市",14.193854401055154,1466972.564252569,"广州市",14.198712036685022
"雅安","四川省","1235.69092211822","湛江市",14.027141631981186,1302833.95228667,"广州市",14.080053180614042
"天津","天津市","0","天津市",0,0,"天津市",0
"中卫","宁夏回族自治区","1065.46274537573","天津市",13.8789207040158,1065462.7453757252,"天津市",13.8789207040158
"吴忠","宁夏回族自治区","966.79736243739","天津市",13.781745234013371,966797.3624373898,"天津市",13.781745234013371
"固原","宁夏回族自治区","1049.61332938343","天津市",13.863933349311461,1049613.3293834315,"天津市",13.863933349311461
"石嘴山","宁夏回族自治区","932.831393602646","天津市",13.745980821250951,932831.3936026461,"天津市",13.745980821250951
"银川","宁夏回族自治区","960.003933008308","天津市",13.774693701981137,960003.933008308,"天津市",13.774693701981137
"亳州","安徽省","298.234515740238","连云港市",12.605638774624097,493235.1560589376,"青岛市",13.108743356707278
"六安","安徽省","405.318898379088","连云港市",12.912431906844487,491625.1007450274,"上海市",13.105473748724794
"合肥","安徽省","332.525610501612","连云港市",12.714475167459485,408465.500226266,"上海市",12.920165183129408
"安庆","安徽省","468.293913963797","上海市",13.056853534475879,468293.9139637971,"上海市",13.056853534475879
"宣城","安徽省","254.148209822876","上海市",12.445676813772735,254148.2098228755,"上海市",12.445676813772735
"宿州","安徽省","191.824028721563","连云港市",12.1643389267738,392809.6779871304,"青岛市",12.881083039377916
"巢湖","安徽省","350.17714299748","上海市",12.766197283972014,350177.1429974797,"上海市",12.766197283972014
"池州","安徽省","400.926078971964","宁波市",12.901534841802148,400926.07897196384,"宁波市",12.901534841802148
"淮北","安徽省","238.194458500013","连云港市",12.380846869810636,434128.28901891905,"青岛市",12.981097669684111
"淮南","安徽省","297.179123531478","连云港市",12.602093710489228,477922.1591279697,"上海市",13.077205243588722
"滁州","安徽省","240.969262511384","连云港市",12.392428812790417,350652.88322863774,"上海市",12.76755492827601
"芜湖","安徽省","298.063069268871","上海市",12.605063739925427,298063.06926887063,"上海市",12.605063739925427
"蚌埠","安徽省","229.706678596046","连云港市",12.344562816921446,443059.88461495325,"上海市",13.001462476637737
"铜陵","安徽省","340.210673400941","上海市",12.737323271703065,340210.67340094066,"上海市",12.737323271703065
"阜阳","安徽省","364.641296776711","连云港市",12.806672143211077,565441.2786887129,"青岛市",13.245363498044357
"马鞍山","安徽省","272.298222547912","上海市",12.51465682352708,272298.2225479116,"上海市",12.51465682352708
"黄山","安徽省","328.709833938401","宁波市",12.70293371906777,328709.83393840067,"宁波市",12.70293371906777
"东营","山东省","188.35711020869","青岛市",12.146100271437605,188357.11020869046,"青岛市",12.146100271437605
"临沂","山东省","83.2374344356685","日照市",11.329464472493946,210851.19369343712,"青岛市",12.258912663168188
"威海","山东省","105.135384351","烟台市",11.563013684881613,179482.16830913682,"青岛市",12.097836712648268
"德州","山东省","237.266812219235","天津市",12.376944791501115,237266.8122192345,"天津市",12.376944791501115
"日照","山东省","0","日照市",0,132782.52301472472,"青岛市",11.796475434642392
"枣庄","山东省","175.38760868169","连云港市",12.074759412008992,300697.97284555924,"青岛市",12.613864953093032
"泰安","山东省","194.916513350196","日照市",12.180331739592036,283423.5667418508,"青岛市",12.554701288232787
"济南","山东省","224.042904762545","日照市",12.31959731503524,275013.29014200374,"青岛市",12.52457833945136
"济宁","山东省","223.825648814685","日照市",12.318627142010172,334539.54645260907,"青岛市",12.720513366309422
"淄博","山东省","150.807937981076","日照市",11.923769003231106,191271.1337135686,"青岛市",12.161452476828023
"滨州","山东省","198.158139287702","天津市",12.196825720631917,198158.13928770213,"天津市",12.196825720631917
"潍坊","山东省","96.0068437912663","青岛市",11.472185173271232,96006.84379126634,"青岛市",11.472185173271232
"烟台","山东省","0","烟台市",0,105258.99772399242,"青岛市",11.564188737285049
"聊城","山东省","308.180153748164","日照市",12.63844305057653,341557.9412233866,"天津市",12.741275538190607
"莱芜","山东省","154.622889984612","日照市",11.948750930911462,223931.5259588857,"青岛市",12.319100062062464
"菏泽","山东省","315.96614054464","日照市",12.663393501543943,426964.67533582466,"青岛市",12.964458903349277
"青岛","山东省","0","青岛市",0,0,"青岛市",0
"临汾","山西省","625.106870579622","天津市",13.345679506753488,625106.8705796219,"天津市",13.345679506753488
"吕梁","山西省","558.420077107913","天津市",13.232868575255049,558420.0771079133,"天津市",13.232868575255049
"大同","山西省","316.490005769291","天津市",12.665050102372025,316490.0057692906,"天津市",12.665050102372025
"太原","山西省","460.912294973465","天津市",13.0409652239716,460912.2949734648,"天津市",13.0409652239716
"忻州","山西省","427.451185190041","天津市",12.965597713594878,427451.1851900413,"天津市",12.965597713594878
"晋中","山西省","440.309581194684","天津市",12.995235623239514,440309.58119468373,"天津市",12.995235623239514
"晋城","山西省","579.403921538042","天津市",13.26975685847883,579403.9215380419,"天津市",13.26975685847883
"朔州","山西省","403.878841321023","天津市",12.908872690231737,403878.8413210235,"天津市",12.908872690231737
"运城","山西省","717.203057081905","天津市",13.483115677531895,717203.057081905,"天津市",13.483115677531895
"长治","山西省","499.26819914345","天津市",13.120900706509508,499268.1991434505,"天津市",13.120900706509508
"阳泉","山西省","360.170085604989","天津市",12.794334435334216,360170.0856049893,"天津市",12.794334435334216
"东莞","广东省","40.9629839737086","深圳市",10.620448519966578,40962.98397370859,"深圳市",10.620448519966578
"中山","广东省","77.8847363499005","深圳市",11.26299811303842,77884.73634990046,"深圳市",11.26299811303842
"云浮","广东省","187.727350984967","广州市",12.142751255307989,187727.3509849665,"广州市",12.142751255307989
"佛山","广东省","71.2986233982811","广州市",11.174646324456896,71298.62339828108,"广州市",11.174646324456896
"广州","广东省","0","广州市",0,0,"广州市",0
"惠州","广东省","75.3663750050519","深圳市",11.230129768117056,75366.37500505186,"深圳市",11.230129768117056
"揭阳","广东省","216.54237781503","深圳市",12.285546165778186,216542.37781503017,"深圳市",12.285546165778186
"梅州","广东省","212.66373720601","厦门市",12.267472200918647,262429.0631984342,"深圳市",12.4777398996054
"汕头","广东省","218.084965000955","厦门市",12.292644598908433,258872.09748483368,"深圳市",12.464093249505583
"汕尾","广东省","148.605499804469","深圳市",11.909057150581553,148605.4998044689,"深圳市",11.909057150581553
"江门","广东省","148.723752587482","广州市",11.9098525784977,148723.75258748193,"广州市",11.9098525784977
"河源","广东省","163.722632852389","广州市",12.005935119783498,163722.63285238922,"广州市",12.005935119783498
"深圳","广东省","0","深圳市",0,0,"深圳市",0
"清远","广东省","125.93790198173","广州市",11.743552163422303,125937.90198172959,"广州市",11.743552163422303
"湛江","广东省","0","湛江市",0,428481.2297042424,"广州市",12.96800454522477
"潮州","广东省","167.906483958475","厦门市",12.031168415976207,298026.6475911291,"深圳市",12.604941538335448
"珠海","广东省","96.3982663838422","深圳市",11.47625387044356,96398.26638384217,"深圳市",11.47625387044356
"肇庆","广东省","137.584980498915","广州市",11.832004313381612,137584.98049891528,"广州市",11.832004313381612
"茂名","广东省","130.971389773029","湛江市",11.782741814877822,303948.27443485963,"广州市",12.624616106053965
"阳江","广东省","196.85303755224","湛江市",12.190217806967942,232516.2022552881,"广州市",12.356719489467345
"韶关","广东省","164.537241251545","广州市",12.010898291784946,164537.2412515452,"广州市",12.010898291784946
"北海","广西壮族自治区","107.552784872718","湛江市",11.585746325826712,470248.0716163382,"广州市",13.061017772927066
"南宁","广西壮族自治区","280.079576500533","湛江市",12.542832613968807,519336.3024777274,"广州市",13.160308859483925
"崇左","广西壮族自治区","336.924035293797","湛江市",12.727615737390034,648085.0962847446,"广州市",13.381778831145638
"来宾","广西壮族自治区","316.186496188338","湛江市",12.664090658979225,424826.29391274974,"广州市",12.959437998052884
"柳州","广西壮族自治区","434.894505252963","湛江市",12.98286106340462,456938.05937818426,"广州市",13.032305311702663
"桂林","广西壮族自治区","378.405769187504","广州市",12.843725004973175,378405.76918750425,"广州市",12.843725004973175
"梧州","广西壮族自治区","259.914064952011","广州市",12.468110183366836,259914.06495201128,"广州市",12.468110183366836
"河池","广西壮族自治区","461.093691133641","湛江市",13.041358704646932,596047.6206413528,"广州市",13.298077520977465
"玉林","广西壮族自治区","150.083297250941","湛江市",11.918952396898769,358094.9286909907,"广州市",12.788556186726113
"百色","广西壮族自治区","511.391855684702","湛江市",13.144893371629598,740996.9634637014,"广州市",13.515753155912371
"贵港","广西壮族自治区","247.090540601383","湛江市",12.417514156673493,361227.7067217126,"广州市",12.797266573340654
"贺州","广西壮族自治区","247.8860357095","广州市",12.420728420203577,247886.03570950043,"广州市",12.420728420203577
"钦州","广西壮族自治区","169.032551017826","湛江市",12.037852500934086,480527.8204183012,"广州市",13.082642485652652
"防城港","广西壮族自治区","240.23892285566","湛江市",12.389393381543522,591002.3940736819,"广州市",13.289577039305216
"乌鲁木齐","新疆维吾尔自治区","2492.19871643848","天津市",14.7286762987113,2492198.7164384844,"天津市",14.7286762987113
"伊犁州","新疆维吾尔自治区","2953.32452862298","天津市",14.898442391231212,2953324.5286229765,"天津市",14.898442391231212
"克孜勒苏","新疆维吾尔自治区","3524.27698229226","天津市",15.075186145529935,3524276.982292257,"天津市",15.075186145529935
"克拉玛依","新疆维吾尔自治区","2709.14560047238","天津市",14.812144235687315,2709145.6004723846,"天津市",14.812144235687315
"博尔塔拉","新疆维吾尔自治区","2946.13187393103","天津市",14.89600397815495,2946131.8739310275,"天津市",14.89600397815495
"吐鲁番","新疆维吾尔自治区","2326.65198869491","天津市",14.659941307268745,2326651.988694915,"天津市",14.659941307268745
"和田","新疆维吾尔自治区","3171.4084279251","天津市",14.969686661529144,3171408.4279251015,"天津市",14.969686661529144
"哈密","新疆维吾尔自治区","2029.59378506923","天津市",14.5233467178262,2029593.7850692295,"天津市",14.5233467178262
"喀什","新疆维吾尔自治区","3453.76679929147","天津市",15.054976308819647,3453766.7992914664,"天津市",15.054976308819647
"塔城","新疆维吾尔自治区","2738.62956076334","天津市",14.822968558083083,2738629.560763338,"天津市",14.822968558083083
"巴音郭楞","新疆维吾尔自治区","2550.44216139791","天津市",14.751777690818582,2550442.161397911,"天津市",14.751777690818582
"昌吉","新疆维吾尔自治区","2434.74786054544","天津市",14.705354171826803,2434747.86054544,"天津市",14.705354171826803
"石河子","新疆维吾尔自治区","2635.82589546344","天津市",14.784707503048903,2635825.895463437,"天津市",14.784707503048903
"阿克苏","新疆维吾尔自治区","3026.44667553524","天津市",14.922900105393648,3026446.675535238,"天津市",14.922900105393648
"阿勒泰","新疆维吾尔自治区","2476.94613410433","天津市",14.722537365532524,2476946.134104326,"天津市",14.722537365532524
"南京","江苏省","260.544108729041","上海市",12.470531287292376,260544.1087290414,"上海市",12.470531287292376
"南通","江苏省","118.741056231497","上海市",11.684708824766671,118741.05623149747,"上海市",11.684708824766671
"宿迁","江苏省","100.639080673526","连云港市",11.519305873538935,331761.57410334784,"青岛市",12.712174853822367
"常州","江苏省","179.00928789951","上海市",12.095198557470248,179009.28789951035,"上海市",12.095198557470248
"徐州","江苏省","149.561359461293","连云港市",11.91546870498488,333257.4684256471,"青岛市",12.716673649347934
"扬州","江苏省","202.13794751865","连云港市",12.216710598919985,253719.6117609142,"上海市",12.44398898691044
"无锡","江苏省","136.026949265372","上海市",11.820615652908252,136026.9492653721,"上海市",11.820615652908252
"泰州","江苏省","201.933647649931","上海市",12.21569939755187,201933.64764993128,"上海市",12.21569939755187
"淮安","江苏省","131.89018210701","连云港市",11.78973248360492,335535.89104024926,"上海市",12.723487187740098
"盐城","江苏省","148.533535848682","连云港市",11.908572774823515,284517.4198864353,"上海市",12.558553275220458
"苏州","江苏省","79.8059797138271","上海市",11.287366244698605,79805.97971382708,"上海市",11.287366244698605
"连云港","江苏省","0","连云港市",0,232509.57842525665,"青岛市",12.356691001577772
"镇江","江苏省","210.286555626479","上海市",12.25623118555323,210286.5556264793,"上海市",12.25623118555323
"上饶","江西省","346.546575340697","福州市",12.755775390757513,402240.7417362178,"宁波市",12.904808534466675
"九江","江西省","518.068436041628","福州市",13.157864558670612,585957.9952677535,"宁波市",13.281005092165046
"南昌","江西省","425.831164551796","福州市",12.961800567695665,541796.5455628434,"宁波市",13.202647678469388
"吉安","江西省","394.856405315642","泉州市",12.886279979506456,422697.25211776874,"广州市",12.954413851504384
"宜春","江西省","474.075773043123","泉州市",13.069124556007148,569309.3907236323,"广州市",13.252181066526752
"抚州","江西省","313.477423973054","泉州市",12.655485813634238,545966.4943486152,"广州市",13.210314718794768
"新余","江西省","447.883273841805","泉州市",13.012290160710059,516753.8515365566,"广州市",13.155323866056413
"景德镇","江西省","407.963650979493","福州市",12.918935809876713,409492.26913545653,"宁波市",12.922675745352525
"萍乡","江西省","464.213578025918","广州市",13.04810217695219,464213.5780259183,"广州市",13.04810217695219
"赣州","江西省","304.843465796677","泉州市",12.627556977314125,314875.5387525114,"广州市",12.659935900510812
"鹰潭","江西省","316.945395038487","福州市",12.666487937735297,455889.2051539185,"宁波市",13.030007281333575
"保定","河北省","189.304701025451","天津市",12.151118453096016,189304.70102545051,"天津市",12.151118453096016
"唐山","河北省","81.9329541763279","秦皇岛市",11.313668764833787,81932.95417632794,"秦皇岛市",11.313668764833787
"廊坊","河北省","61.0318068986369","天津市",11.019166816593616,61031.80689863689,"天津市",11.019166816593616
"张家口","河北省","261.113524889233","天津市",12.472714382742527,261113.5248892327,"天津市",12.472714382742527
"承德","河北省","195.881218833947","秦皇岛市",12.185268833268674,195881.218833947,"秦皇岛市",12.185268833268674
"沧州","河北省","126.381190638132","天津市",11.747065853917777,126381.19063813177,"天津市",11.747065853917777
"石家庄","河北省","282.930070556304","天津市",12.552958580019276,282930.07055630424,"天津市",12.552958580019276
"秦皇岛","河北省","0","秦皇岛市",0,0,"秦皇岛市",0
"衡水","河北省","216.458526417177","天津市",12.28515886399299,216458.5264171766,"天津市",12.28515886399299
"邢台","河北省","320.18436567426","天津市",12.67665537479718,320184.3656742595,"天津市",12.67665537479718
"邯郸","河北省","392.108421156879","天津市",12.879296215425788,392108.4211568786,"天津市",12.879296215425788
"三门峡","河南省","736.080675009407","连云港市",13.509096363034306,780419.6503990105,"天津市",13.567588348681628
"信阳","河南省","479.76088949372","连云港市",13.081045196249095,629802.4396736105,"上海市",13.35316304916735
"南阳","河南省","653.754719711747","连云港市",13.390489043404063,811482.993317804,"青岛市",13.606619940933625
"周口","河南省","401.701153605289","连云港市",12.903466181561006,567113.1623759457,"青岛市",13.248315907021178
"商丘","河南省","316.064297411006","连云港市",12.66370410859909,469336.1823356929,"青岛市",13.059076727997732
"安阳","河南省","432.937202375618","日照市",12.978350277112408,463015.1566144093,"天津市",13.045517227955022
"平顶山","河南省","568.694216186089","连云港市",13.251099921418627,712379.3981817274,"青岛市",13.476367314833421
"开封","河南省","420.999114833533","连云港市",12.950388385428218,547483.2081909666,"青岛市",13.213088896769992
"新乡","河南省","458.1727500312","日照市",13.035003758035252,532932.2248619905,"天津市",13.186151413614756
"洛阳","河南省","652.495183011319","连云港市",13.388560568370792,731328.8885896059,"天津市",13.502619920914235
"济源","河南省","613.752874654192","日照市",13.327349271153127,640463.5385816732,"天津市",13.369949033574152
"漯河","河南省","491.214018841169","连云港市",13.10463723116435,647555.8666024319,"青岛市",13.380961893568072
"濮阳","河南省","349.031592864345","日照市",12.762920586120172,428888.05954866647,"天津市",12.968953562016113
"焦作","河南省","548.204089990455","日照市",13.214404747722813,597917.5854390761,"天津市",13.301209878913522
"许昌","河南省","500.66932890649","连云港市",13.123703137338033,641315.5653152581,"青岛市",13.37127847563955
"郑州","河南省","518.23348811733","连云港市",13.158183098576233,623312.3366711223,"天津市",13.342804619441324
"驻马店","河南省","494.30569500599","连云港市",13.110911443621674,674053.8508933447,"青岛市",13.421066767730574
"鹤壁","河南省","436.48762127756","日照市",12.98651758582937,479499.8765370935,"天津市",13.080501001327095
"丽水","浙江省","241.144135832188","福州市",12.393154254579143,254624.97431926342,"宁波市",12.44755098000883
"台州","浙江省","109.996278438303","宁波市",11.608210902998506,109996.27843830314,"宁波市",11.608210902998506
"嘉兴","浙江省","89.9523774712374","上海市",11.407046786992128,89952.37747123737,"上海市",11.407046786992128
"宁波","浙江省","0","宁波市",0,0,"宁波市",0
"杭州","浙江省","193.274812470085","宁波市",12.17187352787967,193274.81247008464,"宁波市",12.17187352787967
"温州","浙江省","225.180105115576","宁波市",12.324660269043703,225180.10511557598,"宁波市",12.324660269043703
"湖州","浙江省","159.065667104583","上海市",11.977078683290825,159065.66710458315,"上海市",11.977078683290825
"绍兴","浙江省","81.8561370644121","宁波市",11.312730775875217,81856.13706441213,"宁波市",11.312730775875217
"舟山","浙江省","0","舟山市",0,77503.57492782509,"宁波市",11.258092244925933
"衢州","浙江省","284.683969450013","宁波市",12.559138477527577,284683.9694500125,"宁波市",12.559138477527577
"金华","浙江省","161.521997727383","宁波市",11.992402812295566,161521.9977273827,"宁波市",11.992402812295566
"三亚","海南省","310.371028911841","湛江市",12.645526950189026,682526.3184949389,"深圳市",13.433557832339
"海南省直辖县级行政区划","海南省","215.920838106992","湛江市",12.282671760563174,598755.2964992229,"深圳市",13.302609943725827
"海口","海南省","142.940606297891","湛江市",11.870191478278278,496300.728787763,"深圳市",13.1149393449218
"仙桃","湖北省","716.822957211413","连云港市",13.482585562533298,771492.5250724285,"广州市",13.556083558102602
"十堰","湖北省","838.030185908907","连云港市",13.638810593460205,982068.9895243614,"天津市",13.79741785722491
"咸宁","湖北省","632.303314658012","福州市",13.357126067774827,700317.2360628924,"广州市",13.45929013366283
"天门","湖北省","710.069939467328","连云港市",13.473120158769069,797644.6817024865,"上海市",13.589419769939633
"孝感","湖北省","620.353034599545","连云港市",13.338045617597018,720763.2944008958,"上海市",13.488067447979525
"宜昌","湖北省","855.80466055914","广州市",13.659798597291122,855804.66055914,"广州市",13.659798597291122
"恩施","湖北省","857.0107288784","广州市",13.661206883458727,857010.7288783998,"广州市",13.661206883458727
"武汉","湖北省","624.787156127147","连云港市",13.345167921065372,681769.3851309879,"上海市",13.432448201443037
"潜江","湖北省","758.259994770779","连云港市",13.538782925637959,780438.3869099105,"广州市",13.567612356613733
"神农架林区","湖北省","869.939926074404","连云港市",13.67618058726148,964626.0441518405,"广州市",13.779496822873211
"荆州","湖北省","744.809267414109","广州市",13.520884790314676,744809.2674141091,"广州市",13.520884790314676
"荆门","湖北省","720.780856507934","连云港市",13.488091813633066,841806.9196117505,"上海市",13.643307143223689
"襄阳","湖北省","728.657570506311","连云港市",13.498960548064234,905144.1495152396,"上海市",13.715850596026256
"鄂州","湖北省","617.331330395487","连云港市",13.333162780889491,644142.254783568,"上海市",13.375676425665299
"随州","湖北省","610.165538663679","连云港市",13.32148721309065,764298.4840383909,"上海市",13.54671498615341
"黄冈","湖北省","552.54681514252","连云港市",13.222295251873774,584570.9522107498,"上海市",13.27863515276413
"黄石","湖北省","593.46949807299","福州市",13.293742783410494,622984.1684621206,"宁波市",13.342277990844346
"娄底","湖南省","524.524474951043","广州市",13.170249275612395,524524.4749510427,"广州市",13.170249275612395
"岳阳","湖南省","635.643264810126","广州市",13.362394353778178,635643.2648101256,"广州市",13.362394353778178
"常德","湖南省","690.623757961464","广州市",13.445351913225155,690623.7579614635,"广州市",13.445351913225155
"张家界","湖南省","735.080643902635","广州市",13.50773685216567,735080.6439026351,"广州市",13.50773685216567
"怀化","湖南省","581.376059342998","广州市",13.273154808714057,581376.0593429976,"广州市",13.273154808714057
"株洲","湖南省","418.426179955599","广州市",12.944258151275895,418426.1799555989,"广州市",12.944258151275895
"永州","湖南省","315.354361033754","广州市",12.661455412212884,315354.3610337537,"广州市",12.661455412212884
"湘潭","湖南省","495.941651148578","广州市",13.114215576337926,495941.6511485775,"广州市",13.114215576337926
"湘西","湖南省","705.073215445484","广州市",13.466058346389332,705073.2154454836,"广州市",13.466058346389332
"益阳","湖南省","601.759311473961","广州市",13.307614491308989,601759.311473961,"广州市",13.307614491308989
"衡阳","湖南省","394.46796747399","广州市",12.885295753243659,394467.9674739904,"广州市",12.885295753243659
"邵阳","湖南省","471.861047151987","广州市",13.064441948864541,471861.04715198715,"广州市",13.064441948864541
"郴州","湖南省","276.285990339331","广州市",12.529195424530906,276285.990339331,"广州市",12.529195424530906
"长沙","湖南省","543.505945917286","广州市",13.205797765438346,543505.9459172861,"广州市",13.205797765438346
"临夏","甘肃省","1304.43358940796","天津市",14.081280240031125,1304433.5894079632,"天津市",14.081280240031125
"兰州","甘肃省","1245.34949972666","天津市",14.034927574144838,1245349.4997266608,"天津市",14.034927574144838
"嘉峪关","甘肃省","1638.29040087814","天津市",14.309164427986754,1638290.4008781407,"天津市",14.309164427986754
"天水","甘肃省","1151.36188262621","天津市",13.95645691397174,1151361.8826262099,"天津市",13.95645691397174
"定西","甘肃省","1230.69251397295","天津市",14.023088400953114,1230692.513972949,"天津市",14.023088400953114
"平凉","甘肃省","1043.14477934739","天津市",13.85775149348493,1043144.779347395,"天津市",13.85775149348493
"庆阳","甘肃省","924.279356970349","天津市",13.73677072123688,924279.3569703486,"天津市",13.73677072123688
"张掖","甘肃省","1501.68428611296","天津市",14.222098559466916,1501684.2861129595,"天津市",14.222098559466916
"武威","甘肃省","1243.76275400778","天津市",14.033652625892513,1243762.7540077807,"天津市",14.033652625892513
"甘南","甘肃省","1409.25060699788","天津市",14.158569346264537,1409250.6069978846,"天津市",14.158569346264537
"白银","甘肃省","1152.52541910042","天津市",13.957466976887751,1152525.41910042,"天津市",13.957466976887751
"酒泉","甘肃省","1800.09283421024","天津市",14.403349351624465,1800092.8342102377,"天津市",14.403349351624465
"金昌","甘肃省","1325.09603456497","天津市",14.096996248354946,1325096.0345649675,"天津市",14.096996248354946
"陇南","甘肃省","1255.11464085296","天津市",14.042738270408961,1255114.6408529636,"天津市",14.042738270408961
"三明","福建省","148.526729848267","泉州市",11.908526952777422,508948.56620169774,"广州市",13.1401042065404
"南平","福建省","176.383119245435","福州市",12.080419391548844,418842.20430591167,"宁波市",12.945251914801682
"厦门","福建省","0","厦门市",0,463418.09374888905,"深圳市",13.04638709373297
"宁德","福建省","106.910252580051","福州市",11.579754354149287,361743.42355506914,"宁波市",12.798693229185059
"泉州","福建省","0","泉州市",0,506065.3549911704,"深圳市",13.13442307601817
"漳州","福建省","76.0663709045875","厦门市",11.239374685866379,387383.6849343284,"深圳市",12.867173496221412
"福州","福建省","0","福州市",0,465427.2042020686,"宁波市",13.050713130081284
"莆田","福建省","69.154563181565","泉州市",11.144113784783366,537571.8980723821,"宁波市",13.19481965410852
"龙岩","福建省","152.857721990702","泉州市",11.937269388109707,389530.8138683847,"广州市",12.872700819695243
"山南","西藏自治区","2043.24997014734","湛江市",14.530052710184256,2258315.652432786,"广州市",14.630130249658023
"拉萨","西藏自治区","2150.35970088741","湛江市",14.581146153887,2343882.286463682,"广州市",14.667319635975055
"日喀则","西藏自治区","2555.21336684067","湛江市",14.75364667901657,2775565.577778476,"广州市",14.836365456494795
"昌都","西藏自治区","1693.8634681996","湛江市",14.342523144027412,1825420.8450244784,"广州市",14.417321666246774
"林芝","西藏自治区","1764.41157183564","湛江市",14.383328372462783,1941865.7622714972,"广州市",14.479160316968663
"那曲","西藏自治区","2473.98432920762","湛江市",14.721340901928153,2628836.189734084,"广州市",14.782052173203297
"阿里","西藏自治区","3047.5757805603","湛江市",14.929857334625698,3214766.4351307442,"天津市",14.983265575597486
"六盘水","贵州省","776.539031339946","湛江市",13.56260347380282,926113.7285718629,"广州市",13.73875340289958
"安顺","贵州省","693.834810681098","湛江市",13.449990627465525,820512.693342307,"广州市",13.617685878394726
"毕节","贵州省","832.966629412277","湛江市",13.632750060144533,933309.462358221,"广州市",13.746493181560888
"贵阳","贵州省","729.368360153367","湛江市",13.49993554955552,789284.2505966384,"广州市",13.578883068833232
"遵义","贵州省","838.533024465224","广州市",13.639410437198203,838533.0244652242,"广州市",13.639410437198203
"铜仁","贵州省","716.46821335163","广州市",13.482090557220621,716468.2133516304,"广州市",13.482090557220621
"黔东南","贵州省","611.904921818397","广州市",13.324333827158986,611904.9218183969,"广州市",13.324333827158986
"黔南","贵州省","622.486669956","湛江市",13.341479099825234,700332.468769365,"广州市",13.459311884546965
"黔西南","贵州省","667.747171016562","湛江市",13.411666391944214,844892.5051556192,"广州市",13.646965868995304
"丹东","辽宁省","182.394799242727","营口市",12.113934325889659,213888.16984832648,"大连市",12.27321326194353
"大连","辽宁省","0","大连市",0,0,"大连市",0
"抚顺","辽宁省","238.866217577565","营口市",12.38366310153541,321968.074481565,"大连市",12.682210777931502
"朝阳","辽宁省","172.620854728058","秦皇岛市",12.058858670288156,172620.8547280584,"秦皇岛市",12.058858670288156
"本溪","辽宁省","204.133535282847","营口市",12.226534542141199,268904.70288500254,"大连市",12.50211605023215
"沈阳","辽宁省","174.721337940828","营口市",12.070953352520739,287550.27808217227,"大连市",12.569156481862233
"盘锦","辽宁省","50.5448562900805","营口市",10.830636248587808,165488.388472796,"大连市",12.01666235375446
"葫芦岛","辽宁省","104.323348879317","秦皇岛市",11.55526006416845,104323.34887931679,"秦皇岛市",11.55526006416845
"辽阳","辽宁省","100.955307127687","营口市",11.522443099527685,195824.71553354643,"大连市",12.184980336172574
"铁岭","辽宁省","189.574780824913","营口市",12.152544122378602,293294.38843793614,"大连市",12.588935531820919
"锦州","辽宁省","103.882213409568","营口市",11.551022599160081,213813.83811629828,"大连市",12.272865677018478
"阜新","辽宁省","181.242378047697","营口市",12.107596037140247,298974.86555553233,"大连市",12.608118131909437
"鞍山","辽宁省","64.5307795945174","营口市",11.074913088335421,140880.87128586878,"大连市",11.855677025917396
"重庆","重庆市","933.774983906921","广州市",13.746991842519279,933774.9839069211,"广州市",13.746991842519279
"咸阳","陕西省","931.741690488286","天津市",13.74481197238268,931741.6904882859,"天津市",13.74481197238268
"商洛","陕西省","855.636962016499","连云港市",13.659602624089356,914686.6895453747,"天津市",13.726337963092508
"安康","陕西省","964.354893250086","连云港市",13.779215689330469,1048606.1174718,"天津市",13.862973286692231
"宝鸡","陕西省","1054.06891516874","天津市",13.868169339060666,1054068.9151687366,"天津市",13.868169339060666
"延安","陕西省","771.920896523249","天津市",13.55663865358218,771920.8965232488,"天津市",13.55663865358218
"榆林","陕西省","689.694456148426","天津市",13.444005411241129,689694.4561484264,"天津市",13.444005411241129
"汉中","陕西省","1122.05113575585","连云港市",13.930669830790805,1147891.2698283484,"天津市",13.953438009845312
"渭南","陕西省","820.413054870014","天津市",13.61756443676206,820413.0548700143,"天津市",13.61756443676206
"西安","陕西省","950.522118269243","连云港市",13.764767762833928,955263.2780175413,"天津市",13.769743312088352
"铜川","陕西省","847.627873703605","天津市",13.650198170043366,847627.8737036051,"天津市",13.650198170043366
"果洛","青海省","1695.95817487759","天津市",14.343759023627747,1695958.1748775868,"天津市",14.343759023627747
"海东","青海省","1356.05571519439","天津市",14.120091571972415,1356055.7151943874,"天津市",14.120091571972415
"海北","青海省","1490.04948555598","天津市",14.214320560271103,1490049.4855559776,"天津市",14.214320560271103
"海南","青海省","1546.77225879408","天津市",14.251681550483399,1546772.2587940826,"天津市",14.251681550483399
"海西","青海省","1945.45137477622","天津市",14.481005091423855,1945451.3747762223,"天津市",14.481005091423855
"玉树","青海省","2167.65636223292","湛江市",14.589157585801026,2175342.030285217,"天津市",14.592696925142869
"西宁","青海省","1415.80113501976","天津市",14.163206808316401,1415801.1350197624,"天津市",14.163206808316401
"黄南","青海省","1468.3470358571","天津市",14.199648541703711,1468347.0358570996,"天津市",14.199648541703711
"七台河","黑龙江省","906.687598467126","营口市",13.71755433879731,993018.1487856726,"大连市",13.808505226613457
"伊春","黑龙江省","966.007850069897","营口市",13.780928274715729,1069364.1249239487,"大连市",13.882575689148972
"佳木斯","黑龙江省","1078.97808255603","营口市",13.891525858098731,1169118.7018638202,"大连市",13.971761632015962
"双鸭山","黑龙江省","1058.34232269679","营口市",13.872215340364892,1143643.2298591412,"大连市",13.949730414669753
"哈尔滨","黑龙江省","720.248828066135","营口市",13.487353414232597,818570.2959568796,"大连市",13.615315777628293
"大兴安岭","黑龙江省","1304.48416801028","营口市",14.081319013628649,1413815.8105264807,"秦皇岛市",14.161803562962689
"大庆","黑龙江省","659.550177103558","营口市",13.39931484798256,774723.5120806855,"大连市",13.560262776858671
"牡丹江","黑龙江省","761.457857653261","营口市",13.5429914218253,841100.5610229325,"大连市",13.642467693879055
"绥化","黑龙江省","774.752658952109","营口市",13.560300398390838,884520.6532358212,"大连市",13.6928022730464
"鸡西","黑龙江省","978.018839613682","营口市",13.793285234714759,1055829.7000866071,"大连市",13.869838408507734
"鹤岗","黑龙江省","1031.78341940343","营口市",13.84680030727494,1128809.9085586027,"大连市",13.93667534332823
"黑河","黑龙江省","1024.45310747063","营口市",13.839670450607136,1137746.3024932377,"大连市",13.94456081496264
"齐齐哈尔","黑龙江省","801.894414874545","营口市",13.594733472951793,918685.577582054,"大连市",13.730700295923214
"营口","辽宁省","0","营口市",0,118634.4177449946,"大连市",11.683810352878078
